Model Name,Dataset,Quantization Batch Size,Original Top1 Accuracy,Quantized Top1 Accuracy,Original Top5 Accuracy,Quantized Top5 Accuracy,Bits,MLP_Alphabet_Scalar,CNN_Alphabet_Scalar,MLP_Percentile,CNN_Percentile,Include 0,Retain_rate,Seed,Author
mobilenet_v2,ILSVRC2012,1024,0.71878,0.69042,0.90286,0.8893,5,1.77,1.77,1.0,1.0,True,0.25,0,Yixuan
mobilenet_v2,ILSVRC2012,512,0.71878,0.6879,0.90286,0.887,5,1.77,1.77,1.0,1.0,True,0.25,0,Yixuan
mobilenet_v2,ILSVRC2012,256,0.71878,0.6718,0.90286,0.8797,5,1.77,1.77,1.0,1.0,True,0.25,0,Yixuan
mobilenet_v2,ILSVRC2012,128,0.71878,0.63886,0.90286,0.85874,5,1.77,1.77,1.0,1.0,True,0.25,0,Yixuan
mobilenet_v2,ILSVRC2012,64,0.71878,0.52746,0.90286,0.78326,5,1.77,1.77,1.0,1.0,True,0.25,0,Yixuan
mobilenet_v2,ILSVRC2012,32,0.71878,0.07842,0.90286,0.22916,5,1.77,1.77,1.0,1.0,True,0.25,0,Yixuan
mobilenet_v2,ILSVRC2012,2048,0.71878,0.69392,0.90286,0.89142,5,1.77,1.77,1.0,1.0,True,0.25,0,Yixuan
resnet18,ILSVRC2012,128,0.69758,0.668,0.89078,0.874,5,1.77,1.77,1.0,1.0,True,0.25,0,Yixuan
resnet18,ILSVRC2012,128,0.69758,0.668,0.89078,0.874,5,1.77,1.77,1.0,1.0,True,0.25,0,Yixuan
mobilenet_v2,ILSVRC2012,512,0.71878,0.68844,0.90286,0.88752,5,1.77,1.77,1.0,1.0,True,0.25,0,Yixuan
alexnet,ILSVRC2012,512,0.56522,0.54972,0.79066,0.78154,5,1.77,1.77,1.0,1.0,True,0.25,0,Yixuan
resnet18,ILSVRC2012,256,0.69758,0.67706,0.89078,0.88002,5,1.16,1.16,1.0,1.0,True,0.25,0,Yixuan
resnet18,ILSVRC2012,256,0.69758,0.68254,0.89078,0.8819,5,1.77,1.77,1.0,1.0,True,0.25,0,Yixuan
resnet18,ILSVRC2012,512,0.69758,0.68612,0.89078,0.88396,5,1.77,1.77,1.0,1.0,True,0.25,0,Yixuan
resnet18,ILSVRC2012,1024,0.69758,0.69046,0.89078,0.88646,5,1.77,1.77,1.0,1.0,True,0.25,0,Yixuan
