Model Name,Dataset,Quantization Batch Size,Original Top1 Accuracy,Quantized Top1 Accuracy,Original Top5 Accuracy,Quantized Top5 Accuracy,Bits,Alphabet_Scalar,Percentile,Include 0,Retain_rate,Seed,Author
resnet50,ILSVRC2012,32,0.7613,0.13092,0.92862,0.36634,4,1.81,1.0,True,0.25,0,Yixuan
resnet50,ILSVRC2012,64,0.7613,0.51604,0.92862,0.7912,4,1.81,1.0,True,0.25,0,Yixuan
resnet50,ILSVRC2012,128,0.7613,0.68842,0.92862,0.89304,4,1.81,1.0,True,0.25,0,Yixuan
resnet50,ILSVRC2012,256,0.7613,0.72532,0.92862,0.91118,4,1.81,1.0,True,0.25,0,Yixuan
resnet50,ILSVRC2012,512,0.7613,0.73742,0.92862,0.91836,4,1.81,1.0,True,0.25,0,Yixuan
resnet50,ILSVRC2012,32,0.7613,0.02196,0.92862,0.08862,3,1.81,1.0,True,0.25,0,Yixuan
resnet50,ILSVRC2012,64,0.7613,0.12894,0.92862,0.34456,3,1.81,1.0,True,0.25,0,Yixuan
resnet50,ILSVRC2012,128,0.7613,0.43512,0.92862,0.72862,3,1.81,1.0,True,0.25,0,Yixuan
resnet50,ILSVRC2012,256,0.7613,0.62384,0.92862,0.85666,3,1.81,1.0,True,0.25,0,Yixuan
